sensor_5,sensor_6,sensor_7,sensor_8,sensor_9,sensor_10,Y
0.013522425515881384,0.05086521668716302,0.027162040323419782,0.058478325601309764,-0.022308145689547938,-0.005867452742757299,0
0.004572783321978311,0.04726336609450553,0.02335247453778254,0.048647097751321755,-0.017088290157086527,-0.0041815263283475216,0
-0.0009320241235680126,0.12202975620084966,0.034368913224725434,0.08370777555438162,-0.021300414942912477,-0.009414313377890587,0
-0.014403455898361865,0.05987471832062518,0.026737462490355766,0.06430546621555192,-0.017503651162655023,-0.007246671325152247,0
0.009699410502769297,0.15314433383051163,0.036195625039530416,0.06350471536882189,-0.02387474398691105,-0.005683664023374889,0
0.010588157022885803,0.07784811874772479,0.028819091220509182,0.0680934879656941,-0.00808050430284252,-0.000342346005922989,0
-0.0052295813715358495,0.05563255280989102,0.02984018502984866,0.0619034502287003,-0.019596431803201163,-0.005119206268075283,0
0.030332086034578706,0.12793075379702099,0.033886360704976345,0.07340686306892706,-0.025498712256925092,-0.0064228601393258936,0
-0.013688401466761323,0.052948182365649736,0.028793667872402236,0.08234458603573272,-0.03110161259809058,-0.008777017654475985,0
0.05445237527344642,0.09267171187791308,0.033557920046042584,0.07464127228801509,-0.014575856147326184,-0.004470491302952084,0
-0.01493466717381085,0.06585743261443047,0.019843616637995082,0.05283508816290479,-0.01836105578575748,-0.0032070418051741273,1
0.0012185130206477791,0.09957938879349752,0.0222499073071495,0.06068174656654666,-0.01972955039133681,-0.005862199368120111,1
0.01232419201328829,0.11084266510317503,0.024432749025281756,0.0455546877721128,-0.007941415226667704,-0.0035325502500494037,1
0.04005465877542848,0.050567213161245614,0.022093141191308667,0.0595152079991952,-0.021055356481820258,-0.004248407586533048,1
0.05684453200814393,0.06982976351575228,0.026253885108841114,0.05541109068812403,-0.01365574101518529,-0.004090402708737016,1
0.014516914601910265,0.07720857489469937,0.02127835569252134,0.050880106214909085,-0.01651815170887108,-0.004896456362677977,1
0.04779111732758874,0.17318867391239745,0.037205325302695574,0.061922729328421564,-0.010325375582537457,0.0026511794431875162,1
0.027652035366096388,0.04162840050926128,0.023598683274409903,0.06862050051572383,-0.019743032663884753,-0.005997163557681746,1
0.03290952347659403,0.012192818267379057,0.019252435428800976,0.037049914666560206,-0.014961565240357255,-0.004007920268966428,1
0.05259784934691466,0.07173399053183663,0.02439827594035107,0.06529618531596845,-0.014476352844328987,-0.00032673449726413825,1
0.005949870558794668,0.08528068061419777,0.020864291703844733,0.04375008707032776,-0.012401655412908549,-0.0034785018086007243,1
0.016920661915392956,0.05542708989809113,0.021548217490988942,0.07539863740002392,-0.02193893613253808,-0.009861907037204801,1
0.001246682474454345,-0.00021438711942648944,0.02137219281723956,0.06844444104883982,-0.02178169409720448,-0.0050925763223696715,1
0.05278605403617484,0.01661449096402854,0.028962391550670857,0.054705539532586486,-0.011349443988105872,-0.00349723208086318,1
0.00706303382888877,0.07698893276193869,0.018740899178576634,0.053708122871275764,-0.019384102489974533,-0.0052988645491699165,1
-0.031730077823940134,0.08457310661055492,0.028773921361733575,0.07219200704290203,-0.014320963215012899,-0.0015077547189383516,1
0.0182165019196167,0.14447400337196142,0.03455376657650136,0.08533306614315031,-0.02694195708256833,-0.005329332740360391,1
-0.009082120174082388,0.08874884080315065,0.02378727232897609,0.06384659097604839,-0.009308844796403596,-0.0004655177983864181,1
0.04282732149120494,0.09383288260991446,0.02842333459037569,0.08298402952305638,-0.03054602145461713,-0.007704829200480473,1
0.003528282193041004,0.06196700220889597,0.019071868403084873,0.05089345929236308,-0.01054832284295456,-0.004709238992443991,1
-0.0001464208768486954,0.050771249956106435,0.021442357964593522,0.05170580443662659,-0.010003086399520982,-0.0046550861913164324,1
0.022791583798595073,0.06519105964730802,0.019330463192144237,0.05003525081565262,-0.01624980169025712,-0.0040706355230416035,1
0.03447535124275633,0.07892285306974463,0.022474458401638232,0.06135705902036055,-0.01775444699883195,-0.002998787857863593,1
0.006864674213813116,0.0825533647516083,0.02191274701510427,0.039685899831120794,-0.011140050213133334,-0.004130723175942604,1
0.01764444636297551,0.03509496006726699,0.01969640045565548,0.059800174561994796,-0.01728480883290028,-0.005219535420301849,1
-0.0005771726297726845,-0.0032338472810952944,0.02305797092123009,0.05892796534281218,-0.012753351073694612,0.001549618996058837,1
-0.0034328611355745964,0.1567502652848859,0.037179656133790415,0.08063015616987033,-0.021935146547916142,-0.005297191072354242,1
0.03704647241845636,0.05553032867080225,0.02193313005933567,0.04349389953850406,-0.004668892335212717,-0.003374231554908725,1
0.007307371346400536,0.011243366963848807,0.021756109892689123,0.05712863400330356,-0.018670940510837303,-0.005169127370952963,1
-0.02229028549760611,-0.04118977190882503,0.03149568681580897,0.0740476851403056,-0.01956618219440152,-0.0027738279578438177,1
-0.01080360731417919,-0.008549774377417581,0.020294882484632716,0.045373402521622606,-0.008346014788492003,-0.0004490154628500624,1
0.006544851235294044,0.10029850874198817,0.0237431129254139,0.04274684453689241,-0.008805456316183957,-0.0040916628028773855,1
0.019411164123339483,0.07450504742840025,0.018722392470960754,0.04741133622622003,-0.014183827547436545,-0.004632588258078717,1
0.004399528899910352,5.087185603007763e-05,0.019070796169617904,0.0491529817762401,-0.01544923348561594,-0.004828590745288255,1
0.06322983774958725,0.06974425231528504,0.024995449796806745,0.04241425890347863,-0.011437360960520615,-0.005106610288738978,1
-0.005988550580440094,0.18747664834128516,0.039588282781442406,0.028797964436141688,-0.0053200302257016985,-0.002064187021041124,1
0.0417956486791674,0.0692061820167408,0.026064164600429363,0.07551882660798517,-0.022636141187248018,-0.003915980930677864,1
-0.005881322504586032,0.12177141705266736,0.028048645073698662,0.05894960338024237,-0.01578731038910941,-0.005366908090471472,1
0.012238461634534143,0.008777549417252605,0.022179516759592198,0.061906117562797486,-0.02296068891269974,-0.0065850330272592995,1
0.021533186852001743,0.03520750787658242,0.02342596319816961,0.07371171504334585,-0.02318690641474909,-0.006197914042129305,1
0.00043324903230091533,0.09847407881825068,0.02615720805926059,0.06669209781644926,-0.013788104610359337,-0.0029516588102928235,1
0.04551169535100551,0.08316613987343513,0.02433025995110503,0.055783397312565534,-0.018791600384046286,-0.005279504034544061,1
0.04654131352988845,0.037570428661344184,0.023086612229056204,0.0572332817512424,-0.01998944915853769,-0.005837557635559905,1
-0.015147623061848923,0.14299991361097475,0.033744907740341626,0.04903774155982185,-0.01880662949663678,-0.006275190486195384,1
-0.0042988722693253646,0.11889978904832904,0.02799047520592321,0.09055777853862865,-0.031614708582228083,-0.008927351985377996,1
-0.012371366803372377,0.03523595009273654,0.02638406899748402,0.12525313543249106,-0.035246017371593746,-0.00811257729574771,1
0.003411417725814339,0.06124753197700451,0.022542022176630205,0.0684497292853588,-0.0210148023547462,-0.006020442586412206,1
0.05328244534262778,0.05947142498053483,0.02473001307561327,0.03933295420187678,-0.006765024170094291,-0.002983866375607762,1
0.03213024467602201,0.13403101838698422,0.028716460656847905,0.0714689165909061,-0.02137409784397553,-0.0035037540566473647,1
0.02353944933990597,0.11355666337908192,0.0268235923978191,0.06717862815461603,-0.021070661633341994,-0.005154561411920451,1
0.01939443490189347,0.1009614669510506,0.022239827161841464,0.02578621414605845,-0.004559705602342922,-0.0016105319833108072,1
0.010317607339109868,0.15815636161766397,0.03390001932264211,0.06045809212526691,-0.018491383608836454,-0.003940514619809512,1
0.008680186029409913,0.12512593282749285,0.024743516408455624,0.048560104812484434,-0.010740192017716515,-0.001961095004048001,1
0.013008745699244692,0.01883713492907462,0.026238457546784815,0.09345072602601376,-0.023767613087571582,-0.006318318677614176,1
0.042323872724708445,0.1324879117059153,0.029325039456522272,0.048543565823357254,-0.013129673190357644,-0.0017618332102460957,1
-0.009293746675498602,0.012035903737288887,0.01973286916922815,0.05647977468337832,-0.01434773846750637,-0.0033231063142361897,1
-0.008463520963027167,0.05655008644134707,0.021602678507842817,0.0681451739429362,-0.025365258264770825,-0.00624166837800939,1
-0.007743883381763525,0.012032302882513434,0.020583760848352485,0.04669191634764366,-0.011824559793026667,-0.0032187774627681054,1
0.01456268716431602,0.12891663474585507,0.02720921767986391,0.050084091716964985,-0.013160101200353626,-0.0034673222806612452,1
0.023646868749862042,0.09682735033594572,0.024366061174073358,0.05379227860101345,-0.01704153624717966,-0.007850333876810209,1
-0.012951905128198526,0.07967727387602305,0.021437671999155947,0.041647223145018925,-0.006703215643058383,-0.005096385505374597,1
0.013312443879058139,0.12284143760177085,0.029970968401834375,0.10157469629086158,-0.027732135826005963,-0.005152055833690793,1
0.006299555946200512,0.06252910414235509,0.019037326231213614,0.07053733840790244,-0.01967250151742814,-0.004988315945443998,1
0.0463126364078562,0.09855652350020093,0.027546280461157178,0.07127016754547055,-0.024779301929463215,-0.005997870105224798,1
0.005294469555804231,0.04890047910082225,0.018495688050901214,0.053731259030865126,-0.016222305560204413,-0.004745447702667878,1
0.01702043858794524,0.013648526752946265,0.020967683617656146,0.05349643290288575,-0.018471362734146256,-0.003718248190620049,1
0.03077854697213478,0.10070413663740047,0.02373351731014597,0.04108618422330226,-0.009593546729353326,-0.002651966603824324,1
-0.058951465453914456,0.07750668895738477,0.035691705369761885,0.1058175499929786,-0.03093443266308203,-0.0067850684853048284,1
0.002910606769892671,0.029925922363285718,0.01800565997699583,0.03744733372597212,-0.010418305300117624,-0.0035155691409085353,1
0.04006915516796715,0.06812230829167588,0.02536150505249671,0.0587859852092886,-0.02279069017792179,-0.00663078063265877,1
-0.026548661511951097,0.05362858886347828,0.025640455415897736,0.07369046086406968,-0.028943808755711363,-0.00740186061289117,1
-0.009853689532756768,0.047145035658049554,0.0237271281320196,0.07069611586139737,-0.025468627477960602,-0.00663230084692159,1
-0.0022280454424226546,0.05260624567784477,0.020791566586831695,0.04688498243261978,-0.016943885736156968,-0.004686441557423766,1
0.0055141475592916725,0.07182376017453343,0.021105864451349658,0.05566065372558769,-0.015699569329031597,-0.001095712781535763,1
-0.03343817519623375,0.06381092578749917,0.025074254724762407,0.052598277461800375,-0.00905666660761627,-0.0002786958422793279,1
0.005605871606700996,0.11037333054610746,0.024844494630096026,0.06749786599021426,-0.025949541761733523,-0.008640002195100156,1
0.02386609343732242,0.16463831626191086,0.03258542803030525,0.0631596655252334,-0.01635210309381646,-0.004066655605086189,1
0.04106180355391341,-0.024431919992439495,0.03208482876076992,0.07258648742500669,-0.024226806464810718,-0.0070417135242966345,1
-0.003915071253802558,0.021125637472422937,0.021017355096098273,0.06484489965181037,-0.01970276774911082,-0.008454383987172583,1
0.01034194913954311,0.09040014044965099,0.021584604866586653,0.03425712416953677,-0.0062145337651703415,-0.002112560732490808,1
-0.018628069268366562,-0.00747204070802459,0.021957912608167478,0.05932270523118863,-0.021535539170870695,-0.006370522880671326,1
0.016569989224412118,0.12033853222463967,0.027303902503123954,0.06134186731618648,-0.017095653343576468,-0.005646024396669903,1
-0.006712087536270762,0.14647074358160994,0.0318779321097227,0.060258742902551024,-0.018531309570616016,-0.0017794961085862019,1
0.026741233001933817,0.04269759567234881,0.021139090823623866,0.052484350843520156,-0.011736371293587787,-0.005796465019230751,1
-0.016063209642932022,-0.023729920560672958,0.022289265860542178,0.021234461261821973,-0.002199420695208072,-0.0005252498082995669,1
0.02883648739418765,0.034791667257572656,0.019510781266573553,0.046421553706575115,-0.011572078951453832,-0.003334675878542826,1
0.0413616991322851,0.0939783731225759,0.02512331114771913,0.06501284998871465,-0.022078069188857113,-0.005176646593618417,1
0.008896543149858771,0.038434543741873696,0.021492469781102183,0.0838783635980159,-0.021793991701996304,-0.005555343198080154,1
-0.0313034479281965,0.03728692438184643,0.02677993795140412,0.07115271761456084,-0.013369793656807129,0.001646934987224704,1
0.012288684667238543,0.021424066443879793,0.016138409246903143,0.03254901726253329,-0.010583516070195158,-0.0017814868608643439,1
0.0017536277655243624,0.12261956527119292,0.026478966411304396,0.040627739476558636,-0.006208930143433553,-0.002164317391898968,1
0.029202935011916342,0.06410755763996448,0.02234864658232075,0.06628304308834573,-0.0215016779107532,-0.0033856585310984328,1
0.014547602653488104,0.009300320665040033,0.018874955343258268,0.029596647996920543,-0.007882389071917177,-0.0027453273476832516,1
0.0712628670268664,0.12342535832895399,0.031090454214812536,0.059647794000412466,-0.015605308465402565,-0.007927786042470434,1
0.017054790785324077,0.05341100838171129,0.02327577784826906,0.08067737902564118,-0.028024306259931898,-0.01122662560593401,1
-0.005669223582179503,-0.04310574842863934,0.02773681881206201,0.06128911839966174,-0.020054851343870563,-0.004925336660492113,1
0.021040674921940394,-0.04985421283510434,0.033849098210949946,0.04676775022758642,-0.009762025102849653,-0.0036042789991391593,1
-0.0011584769681657536,0.016230748519362286,0.018441185784324625,0.04267387008653796,-0.016857899184267562,-0.004267407718450605,1
-0.01591594438663703,0.15134104968735454,0.03540511837103279,0.08090089471787713,-0.03411707690043003,-0.010089993971038297,1
-0.028745887070595867,0.03589817369522391,0.023939500396844074,0.055085201167999906,-0.01095460480423828,-0.00520463974400405,1
-0.01215422213648292,0.08600259502113226,0.023908043090104157,0.057542003597232674,-0.010605697477713238,-0.004146732910064856,1
-0.0034347549576334273,0.0715723100754806,0.022806956278526705,0.06732278142463172,-0.016150028016326076,-0.003953999114681938,1
-0.00652980736595845,0.09844580470987072,0.024207184892968196,0.06685090100359951,-0.022306034278347948,-0.004981996667668273,1
-0.02486871642425843,0.006293226622226644,0.026451081937170218,0.07917761201249596,-0.023404132482734687,-0.0037987237569461485,1
0.007364752761353864,0.07861014974656677,0.019823588264513397,0.04568981312500153,-0.014471322279866996,-0.005854567266910563,1
0.004497845708114572,0.03807588275193709,0.019792408514524126,0.057595675022550204,-0.01918299064872494,-0.0036629357364651367,1
-0.00022411402218664713,0.08255319664253379,0.02338652637678035,0.05403248477159747,-0.01612485026158116,-0.003885030148301976,1
-0.014580480748512694,0.10457202040014399,0.025753546189731365,0.059687163423177966,-0.01224260735847038,-0.0038382823041002217,1
0.020351111566140213,0.13513206236906428,0.029784982688883483,0.0501967909586157,-0.013327143693647323,-0.004383670163973801,1
0.046686921707487006,0.08535613440887951,0.023603985432553366,0.0443402959278399,-0.011694939532541682,-0.0036918423584275553,1
0.01300714319474504,0.0826988216549267,0.025126174518329082,0.0984512223751588,-0.02716041100847654,-0.005513048628379348,1
-0.006732318618038315,0.02871064010656702,0.019097467202311404,0.057536078183024385,-0.019825485524624303,-0.007257627634652933,1
0.03731840260630154,0.0316976018338637,0.02153549459084724,0.042605051603594124,-0.014886846872066928,-0.006057923800717207,1
0.005982447008114647,0.040835665140277616,0.02023383929107658,0.06615237315050768,-0.014818284660821954,-0.0029423303054582784,1
0.0155930148844457,0.025015713257317575,0.017900748732373305,0.043202909503846865,-0.010585712693526326,-0.0012397669747177924,1
0.0034060073169402795,0.1049239177221253,0.024524383344934342,0.06547795284981545,-0.021348630494888405,-0.004756317107143229,1
0.03752534402208893,0.10838687773133862,0.02583754637805147,0.046785675536071276,-0.01650105517294896,-0.005090876474282856,1
0.017787602085381674,0.03277880271953581,0.019830113035957775,0.04923818398499428,-0.012147544320887955,-0.00334169507144666,1
-0.0240517631679788,0.0484316047121637,0.020805540784038644,0.052157267431787446,-0.017177877607650327,-0.004461486022369182,1
-0.027118984159692387,0.04749490837143265,0.022013315868504538,0.04525668948568905,-0.010304573536382169,-0.0035314770159078444,1
-0.5172403442289053,-1.8992050571713786,3.695174733582135,0.0,-0.0,-0.0,2
-0.4292222463787726,-1.6977701378651835,3.3046008300104086,0.0,0.0,0.0,2
-0.49195154929634954,-1.932409582434931,3.1382417533545923,0.0,-0.0,0.0,2
-0.40214635502748186,-1.5743825341234106,2.3738202902151118,0.0,0.0,-0.0,2
-0.5105579854931326,-1.8686473985786476,2.88340971290624,0.0,-0.0,-0.0,2
-0.40863376950692054,-1.866892225336447,3.9073593252688976,0.0,0.0,0.0,2
-0.39084429093065604,-1.6883504503986815,3.175675555318833,0.0,0.0,0.0,2
-0.4424380954896991,-1.6928775395410194,3.0451826093680268,0.0,-0.0,-0.0,2
-0.4614698163862346,-1.6566798143778996,3.4010264145985993,0.0,-0.0,-0.0,2
-0.4038204285196384,-1.545591279564953,2.959125310571863,-0.0,-0.0,0.0,2
-0.7533583586281989,-3.095746098862184,5.820455492578107,-0.0,0.0,0.0,2
-0.7156960072988842,-2.6547094128305417,5.021708454031404,0.0,0.0,0.0,2
-0.6508498180774994,-3.0680736661769714,6.378786494414397,0.0,-0.0,0.0,2
-0.7990119893307995,-3.1307714723713316,5.784875578683075,0.0,0.0,-0.0,2
-0.9499333813195876,-3.204003559678709,6.217649768418335,0.0,0.0,0.0,2
-0.7634788919366348,-2.9191125423264945,5.615751724308485,0.0,0.0,0.0,2
-0.7661844297120655,-2.997212934095006,5.3738697597937355,0.0,-0.0,-0.0,2
-0.6959755567980036,-2.930510557688685,5.316309350913126,0.0,0.0,0.0,2
-1.0162731056059222,-3.4196416211833065,6.628939969604463,0.0,-0.0,0.0,2
-0.7633225810301651,-2.6901921789329415,5.303663824780483,0.0,0.0,-0.0,2
-1.0168272944965568,-3.8516599963147162,7.351997463061283,0.0,0.0,0.0,2
-0.9993060987000514,-4.082678511053127,6.209458371276667,0.0,-0.0,-0.0,2
-1.1130954457642241,-4.1545636119683795,7.513854294582948,0.0,0.0,-0.0,2
-1.119473219387993,-4.571754579216383,10.113399986331157,0.0,-0.0,0.0,2
-0.9337637955018476,-3.9646686149935553,7.509287376593274,0.0,-0.0,-0.0,2
-1.0303914463716417,-4.136160549491358,7.16092011551205,0.0,-0.0,0.0,2
-0.9192380755939847,-3.511321751901026,6.2378554124353185,0.0,-0.0,0.0,2
-1.5390586721946884,-4.891255959597463,7.745387893791116,0.0,0.0,0.0,2
-0.9020764727495171,-3.723337999199173,8.623418734814386,0.0,-0.0,-0.0,2
-0.8317176426366708,-3.212522960039492,6.956272681727923,0.0,0.0,-0.0,2
-1.0773099246840436,-4.7871876547678465,8.217852424171337,0.0,0.0,0.0,2
-1.34774850495776,-4.92083253104729,9.580658883540764,0.0,-0.0,-0.0,2
-1.138356081148026,-4.66693932549937,8.49324312414158,0.0,0.0,0.0,2
-1.133087921502343,-5.001572397617509,9.580432006409772,0.0,-0.0,0.0,2
-0.9447980938599886,-3.756969339738378,6.267551576422657,0.0,-0.0,0.0,2
-1.6191834575353643,-6.245794025715126,10.620132326610552,0.0,0.0,-0.0,2
-1.1622156221365052,-4.765160436021408,9.367957247343474,0.0,-0.0,-0.0,2
-1.107646660464394,-4.678351422206191,7.170132585660871,0.0,-0.0,-0.0,2
-1.5304011723397388,-5.958578642532232,10.436664228264954,-0.0,-0.0,0.0,2
-1.1442546008235213,-4.4425274559197065,8.220509971913884,0.0,0.0,-0.0,2
-1.342720534245462,-5.587736583758414,10.076182372524931,0.0,-0.0,0.0,2
-1.4990959056213755,-6.801737612496104,11.688239304850256,0.0,-0.0,-0.0,2
-1.6896922853276262,-6.560494315539147,9.905656956800204,0.0,-0.0,-0.0,2
-1.316669838125545,-5.603490957619974,11.020479504138976,0.0,-0.0,-0.0,2
-1.3102716146910842,-5.240698890209007,9.328004229221353,0.0,-0.0,0.0,2
-1.4584278116751286,-5.747869384836747,10.978204932510423,0.0,-0.0,-0.0,2
-1.1605542557904993,-4.453780012397547,7.9294654435109795,0.0,-0.0,0.0,2
-1.690223900042508,-6.066657900228371,11.74774477945988,0.0,0.0,-0.0,2
-1.9768174815886956,-6.81013763925396,10.914819627738625,0.0,-0.0,-0.0,2
-1.7716374904332737,-6.371246833753451,14.329643926927472,0.0,0.0,-0.0,2
-1.8335558647969916,-6.850880383307992,13.093725494772546,0.0,-0.0,0.0,2
-1.665978800629933,-5.899730167244693,10.79509855520182,0.0,0.0,-0.0,2
-1.7130746073318894,-6.902409959420161,12.461557322496517,0.0,-0.0,0.0,2
-1.6503932642196029,-6.773553613155452,13.679767087935941,0.0,-0.0,0.0,2
-1.8048577649824646,-7.167603607968872,14.268984861400043,0.0,-0.0,-0.0,2
-1.6773580125295902,-6.484066481186175,12.033691389022584,0.0,-0.0,-0.0,2
-1.745129940243294,-7.132494918274181,11.891138662446847,0.0,-0.0,-0.0,2
-1.8981935780441828,-7.511087754077922,15.632234401661664,-0.0,-0.0,0.0,2
-1.6417471811848634,-6.396018921089538,12.76009146464247,-0.0,-0.0,0.0,2
-2.081740280054591,-8.321972490457652,15.131178927715473,0.0,-0.0,-0.0,2
-1.4358708123772361,-7.0192583673057465,14.713103259362267,0.0,-0.0,0.0,2
-2.4971989351218142,-9.88033049261849,14.314191015264624,0.0,0.0,-0.0,2
-2.020009650643564,-7.340603812420214,14.871844639107998,0.0,0.0,0.0,2
-1.8038102857574798,-6.009439939344606,11.54409447640803,0.0,-0.0,-0.0,2
-1.7365128649777666,-7.01698436135956,12.865301313264116,0.0,-0.0,-0.0,2
-2.52498264565071,-8.339044935844122,17.499525236399162,0.0,-0.0,-0.0,2
-2.169286187980587,-9.09609121471678,16.913692509507733,0.0,-0.0,0.0,2
-2.0844954730232494,-7.406025684212074,16.078682261739765,0.0,-0.0,0.0,2
-1.9142612542616104,-7.568400822638302,16.35236428877596,0.0,-0.0,0.0,2
-1.5126541124005057,-5.994200582793567,12.588159202730441,0.0,0.0,0.0,2
-0.5998412190491338,-2.3458027221378104,4.305516771567322,0.0,-0.0,-0.0,2
-0.6038481685673108,-2.4589031001553425,4.823611671388903,0.0,0.0,-0.0,2
-0.590607996378449,-2.5516815931606565,3.9673813870326824,0.0,-0.0,0.0,2
-0.719569364060356,-2.6525730283859743,4.9326833069042095,0.0,-0.0,0.0,2
-0.7053660894192952,-2.7526715570537936,4.550503138857513,0.0,0.0,-0.0,2
-0.5231674346810663,-2.1342120321564235,3.5095028860821813,0.0,0.0,-0.0,2
-0.7007832958154421,-2.7793025105721734,4.564041144761458,0.0,-0.0,0.0,2
-0.6768990578405859,-2.383591680535402,4.889445735426475,0.0,-0.0,-0.0,2
-0.647832174478207,-2.141876754206156,4.655715039025718,0.0,0.0,-0.0,2
-0.702069153061752,-3.058996692131292,4.9335490291372,0.0,-0.0,-0.0,2
-0.48586325848225237,-1.8340155647693164,3.379083478731576,0.0,-0.0,0.0,2
-0.5087934517269012,-1.96388415041873,3.237900798071504,0.0,-0.0,0.0,2
-0.4707568945997977,-1.7855005135689317,3.5185841384187917,0.0,-0.0,0.0,2
-0.6038442200150748,-2.3970076131251696,3.758968922967301,0.0,-0.0,-0.0,2
-0.4339404129079291,-2.1889716166893916,3.5217324254179587,0.0,-0.0,0.0,2
-0.4360529225992415,-1.8194169003791174,3.4482987146326183,0.0,-0.0,-0.0,2
-0.5236243230949419,-2.0920254347695564,4.141205619957553,0.0,-0.0,-0.0,2
-0.5321979492336183,-1.9644119422220492,4.051308381654632,0.0,-0.0,-0.0,2
-0.497334890994025,-1.9660403914793514,3.850799347049235,0.0,-0.0,-0.0,2
-0.47096120927489427,-1.993019477283416,3.8818778945527206,0.0,0.0,0.0,2
-0.8288095715816224,-3.122635093250412,6.852383235398938,0.0,-0.0,-0.0,2
-0.8840416208657073,-3.638917198080904,7.364012078563127,0.0,0.0,0.0,2
-1.0446137421199149,-4.061642973993833,6.812229066608797,0.0,-0.0,-0.0,2
-0.8746979734773118,-3.5713813635386407,7.4977886886738245,0.0,-0.0,-0.0,2
-0.8166200513197659,-3.42267288691548,8.079643413410885,0.0,-0.0,0.0,2
-0.9979905148441816,-3.6856868268667746,6.219899159188263,0.0,0.0,0.0,2
-0.9170345139566392,-3.972368650449043,6.338926264670256,0.0,-0.0,-0.0,2
-0.8121148716245553,-2.981918467528293,6.099578575195439,0.0,0.0,0.0,2
-0.9350812398222209,-3.6235524233603646,6.7911559179561065,0.0,0.0,0.0,2
-0.7880064341267217,-3.36219104320211,5.6497028935242914,0.0,-0.0,0.0,2
-1.1437011865997337,-4.257921685937112,8.33956662436478,0.0,-0.0,-0.0,2
-1.0555446924405014,-4.741281475449905,7.8320513060806745,0.0,-0.0,0.0,2
-1.211299091662319,-4.849512705648559,10.110391271137544,0.0,0.0,0.0,2
-0.9256427031075759,-3.5297749985637266,6.288986905051987,0.0,0.0,-0.0,2
-1.114727343486785,-4.494682868844418,9.511406955182,0.0,-0.0,-0.0,2
-1.2069379035556733,-4.619418619576125,8.176786364264336,0.0,-0.0,0.0,2
-1.469254781460633,-4.611049450136044,8.244856057247645,0.0,-0.0,0.0,2
-0.9898500128645714,-4.017644133365883,7.263633384085474,0.0,-0.0,-0.0,2
-1.0431864020247434,-3.948809946528435,7.636497255376968,0.0,0.0,-0.0,2
-1.18637768487644,-4.873902386679924,10.005009351861096,0.0,-0.0,0.0,2
-1.1778618754221624,-5.351831974419191,9.400696524913801,0.0,0.0,-0.0,2
-1.1167826265589205,-4.236142434012841,7.56950592488565,0.0,0.0,-0.0,2
-1.7312042775375398,-6.518543178872351,11.69496377254177,0.0,0.0,-0.0,2
-1.282356327671815,-4.918174184570746,11.62115731662996,0.0,0.0,0.0,2
-1.2298530494774258,-4.7376332052761345,8.743355973586818,0.0,0.0,0.0,2
-1.6050731506897729,-5.435973089284881,9.012412006547757,0.0,-0.0,-0.0,2
-1.3415098103390382,-5.667086736034706,9.924088351030488,0.0,0.0,0.0,2
-1.3174097237056932,-5.570782654106882,10.249344392519157,0.0,0.0,0.0,2
-1.4255588301985855,-5.7800657747806135,12.976463410276793,0.0,0.0,-0.0,2
-1.1767258845607462,-4.8684383180255715,9.56956184093782,0.0,0.0,0.0,2
-1.571093593319703,-5.952041955282638,9.446318630037256,0.0,-0.0,0.0,2
-2.0503158680034526,-7.579442372664285,11.943666894476062,0.0,0.0,0.0,2
-2.006866682152789,-7.379649467999812,14.4499083929902,0.0,-0.0,0.0,2
-1.5112520022463474,-6.053924288896651,12.582712373712194,0.0,-0.0,-0.0,2
-1.8692471663538617,-6.8536799058209965,12.436897201778677,0.0,0.0,0.0,2
-1.6057822566091988,-6.690154653624564,13.164493700686844,0.0,-0.0,-0.0,2
-1.7545330401110752,-6.078405106194697,10.807566714442329,0.0,-0.0,-0.0,2
-1.8474846241314808,-6.810592631150747,12.888191469639972,0.0,0.0,0.0,2
-2.1824195885544535,-6.852648725705299,14.488957114532981,0.0,-0.0,-0.0,2
-1.468969073918201,-6.210630695848181,10.73660389273981,0.0,0.0,0.0,2
-1.7602184390020552,-7.74770387650547,13.302141094489073,0.0,0.0,0.0,2
-1.8888918336136982,-6.624878215539762,15.98892830051735,0.0,-0.0,-0.0,2
-1.914175745163124,-7.242761704846795,13.119017594432947,0.0,0.0,0.0,2
-1.6519729979302122,-7.265384217127714,11.35492189057945,0.0,-0.0,-0.0,2
-1.9446680892096424,-7.455253441540561,14.733697736989797,0.0,-0.0,-0.0,2
-1.8204661784682559,-8.249080769885438,15.77340952803623,0.0,0.0,-0.0,2
-2.3037997402466353,-7.728158777013568,17.491749774386435,0.0,-0.0,-0.0,2
-1.3989266694379705,-7.670523707587311,12.493905088211024,0.0,0.0,0.0,2
-2.0950896757399353,-7.870711182704649,16.304941260591626,0.0,0.0,0.0,2
-1.664256634975214,-7.619301546414206,15.566282429741015,0.0,-0.0,-0.0,2
-0.14581377640440824,-0.6354555744899951,1.3409452175511865,0.1110421167295476,-0.0755975721741484,-0.004097975479048792,3
-0.15983601215176976,-0.6716995847500236,1.37566095999602,0.33327082028936517,-0.14959422711386047,-0.011333020088787019,3
-0.13578414573843992,-0.5232886904607654,1.098061106203351,0.35388144075956973,-0.10907527421321972,-0.00834060165166171,3
-0.2150511890455644,-0.760674536880915,1.4435990567065349,0.3460040684792588,-0.16791643903082024,-0.010910334428777618,3
-0.22195187120692897,-0.6220020239439963,1.316738001953397,0.4751702931823424,-0.2822526966865248,-0.0157992170421154,3
-0.11102852132018748,-0.41875939430367903,0.7548803224356945,0.274971538638005,-0.1672497359984629,-0.008347651975329131,3
-0.11293830301717167,-0.4857533871564957,0.7960042843609884,0.2966968749139092,-0.1307661767614508,-0.008423750025883393,3
-0.11404526854204539,-0.4224446541937441,0.6917061688442161,0.1947540517562518,-0.07805492114792001,-0.004682297198270643,3
-0.13629300723423657,-0.42664350976264265,0.9565050828029904,0.13332119045729277,-0.0688854488903117,-0.0043660960502681315,3
-0.1121796769243427,-0.6169780424077927,1.3035892511198703,0.34749408299703133,-0.18408991311606915,-0.010530225096879346,3
-0.11424685405831728,-0.4525398123736516,1.056637655348541,0.4153726231169489,-0.17661049553629696,-0.0117601616642532,3
-0.13405802831849278,-0.5640258992130205,1.220386677719095,0.31593925969786124,-0.14251987077939038,-0.012154875539743537,3
-0.15549824008579938,-0.6355105207674171,1.2703881243929802,0.27652226474944586,-0.22185136053940935,-0.015519336500100105,3
-0.1514877338520123,-0.49404511952147245,1.0215887529199479,0.2585432746671591,-0.0719895975761807,-0.0054517058497039785,3
-0.13587834585906788,-0.5404881516130825,1.0859228502554197,0.2985270900647591,-0.12124983295194999,-0.008628639802926538,3
-0.10023112790945937,-0.4434366170230201,0.8830608794326228,0.28952273675416623,-0.12525237770870976,-0.010036637200462755,3
-0.123010833223614,-0.6111959222729746,1.237206706047236,0.37956146482657077,-0.20938707690385625,-0.01432045606603341,3
-0.15552964570088632,-0.5978117414988497,1.2185978678338352,0.3852345446954965,-0.19515467856739663,-0.01485628043741033,3
-0.06263782890594659,-0.3004787924894259,0.4925364177511154,0.10383226796832509,-0.07994991230160191,-0.004388243962526695,3
-0.16714179131623763,-0.4766535004764572,1.0055257435778517,0.3491024234053899,-0.16688858385346644,-0.0115684338350916,3
-0.1880903848908819,-0.5571247366707016,1.271734861097472,0.2948902715057582,-0.14021546404882934,-0.008520729232840713,3
-0.16454601917569261,-0.6433403082128184,1.2138767727185567,0.2879707282432452,-0.18611322977859235,-0.014131030786358169,3
-0.1134841463320241,-0.4909725780928428,1.006974653024746,0.19493982922952552,-0.05168523512059517,-0.004197073193157675,3
-0.09009289084165628,-0.3937087389431061,0.7705310242456007,-0.017622067614576575,0.061162692008192465,0.005620663243849496,3
-0.10688278342064948,-0.4540410280069705,0.9329219705890763,0.2605153332379301,-0.11503622919508313,-0.0073216046519395915,3
-0.15960137366275265,-0.5517680328167355,0.8888689275509167,0.2582236936381128,-0.15591375790573447,-0.011201188111902599,3
-0.16058882175833186,-0.6266999347944402,1.2082742730952936,0.49062214851258273,-0.2131783531523303,-0.013202604243379636,3
-0.09637704096951874,-0.39777682307479745,0.7878549805679361,0.2632515807437068,-0.07840391241468785,-0.004836276795426652,3
-0.07571016506206237,-0.6529789189785501,1.291542556049205,0.528172951472587,-0.25452841242619173,-0.014330791287188414,3
-0.1597425896807833,-0.6391360196869571,1.3045270996680944,0.5017290702480255,-0.1793934042604235,-0.014538097861160844,3
-0.17110317674282563,-0.6863657056882386,1.282529445673658,0.42104529364890064,-0.17447081480002097,-0.011658436063947331,3
-0.13282637714147158,-0.5897551937899266,1.1429248371676524,0.24295711153454252,-0.10641350730589214,-0.007243652215529004,3
-0.15837543045137528,-0.6178533741308043,1.2102504702221752,0.45810597066818215,-0.22076428153039315,-0.01106935798981099,3
-0.1601856094119874,-0.45512497683570874,0.8395706542178205,0.23482440452275652,-0.14104401348670814,-0.010668310508747938,3
-0.15170725577766703,-0.5785849342525123,1.2951234134317513,0.3172365839684521,-0.2053492384073936,-0.013041402492295118,3
-0.16143149344868724,-0.4351343426970102,0.8978204630667905,0.09256366456695589,-0.057222027287112065,-0.004246421438136274,3
-0.11380533925735951,-0.4561254188853194,0.9233354420298086,0.22789877088417387,-0.08296331914855856,-0.005933349581971005,3
-0.12116346964302553,-0.5351469172633356,1.0482810331573735,0.29506419718441346,-0.10285820636973594,-0.006004601120401576,3
-0.1445535134923182,-0.5979667067362096,1.2241452068167955,0.29107859335926906,-0.18181304768646073,-0.009643814910521048,3
-0.1744698969738118,-0.5983673948747528,1.2459566831120086,0.2337990778702046,-0.05184056366024592,-0.0024102875210382456,3
-0.14606771018812348,-0.5551581223934747,1.2718668087771516,0.4601419301943579,-0.23738970832144435,-0.015483939539417693,3
-0.13211954941052537,-0.5290848197302621,0.956015515140294,0.3021208235344407,-0.17493510069775184,-0.009520063031898653,3
-0.12940429271016668,-0.5729280998596767,1.1376477320377563,0.3448574430953409,-0.16879931960135347,-0.008060398088591634,3
-0.12772897650362225,-0.5106683001883002,0.9650774109527145,0.2950073503255359,-0.19178765502521755,-0.008341563233858058,3
-0.17023096975211305,-0.6160898554552652,1.4097411796176451,0.4519748521904513,-0.2776342605033256,-0.013830595433585093,3
-0.16535299444817464,-0.5457241744504471,1.0303062571059394,0.2981811287142416,-0.20762289518126958,-0.008971698095333644,3
-0.14482018150014578,-0.6034009741798093,1.2856040221257503,0.34416597324240994,-0.16777747765720383,-0.007358380783175404,3
-0.12254620141975137,-0.5371612841699968,1.1414276037341566,0.2912212183899554,-0.07275093711071268,-0.004781485500367914,3
-0.10052593091555403,-0.4377441264450703,0.7127592112395974,0.3242382153816464,-0.16436270802251896,-0.008160547976873652,3
-0.22895973707039846,-0.6666172022582333,1.1569454241924093,0.501566228900915,-0.2677878806354476,-0.015203770258437221,3
-0.10831707245046199,-0.5499894570547927,1.1366859381863637,0.16668948707801295,-0.08346776125913827,-0.004903853246798368,3
-0.187358969272102,-0.5833269952768895,1.1987857238939397,0.17644035891617788,-0.07970994324587866,-0.00569795145500562,3
-0.1080656365356154,-0.5511284435221738,1.0639788167584943,0.3360221086352325,-0.1632999694027552,-0.013539211862473574,3
-0.14341357910028776,-0.6374183930908788,1.3084620688262345,0.35063094033037817,-0.15231878874673407,-0.01169280879304066,3
-0.13686032166452872,-0.51715512655537,1.2530216718630027,0.2625441670175042,-0.13458885497105,-0.007031050953616877,3
-0.1440964056559053,-0.5158297727083648,1.0684780355481225,0.44464530448485673,-0.2070934241518956,-0.012124131500362907,3
-0.13648924865505102,-0.5066337279706682,1.100796853753061,0.3183504321508228,-0.13560194437866654,-0.008815877817207073,3
-0.128069707935153,-0.47872138454223623,0.9925080839850575,0.35516530182510625,-0.17375666922835106,-0.013024175227936363,3
-0.16451580032628635,-0.6735299136666726,1.3249441284144445,0.3722131711818706,-0.18879203201924452,-0.009544133273604873,3
-0.1943245550722721,-0.6444093893371113,1.362545566132722,0.43259411734009445,-0.1918215652930093,-0.012930674703782438,3
-0.14655509410922446,-0.6060873503707838,1.2441216606445173,0.3385644416087116,-0.21059655978632563,-0.017310275920750393,3
-0.16403873696364443,-0.6291898155467349,1.1853300996558378,0.37383949712965503,-0.17430732283551958,-0.007998670002780185,3
-0.13837187209737212,-0.4073319529956201,0.9396287431264595,0.06406832977472487,-0.03954269132969484,-0.003410317217778595,3
-0.18626609634491,-0.6361030991230148,1.4137264413403332,0.41527890697408276,-0.1922478650893975,-0.01831095352394251,3
-0.1886471107279576,-0.689166285607696,1.4441069467778473,0.48819893054336716,-0.18218908978867812,-0.01525492500759314,3
-0.15463636526408633,-0.5804839740990293,1.1198898904675127,0.28629596612358454,-0.14375581303578355,-0.011230593424047567,3
-0.09618018035656561,-0.3620056240436038,0.8199832668343757,0.4189530714422255,-0.14917125316493174,-0.011021662104829084,3
-0.1342993871456256,-0.5055180431884437,0.9468183763181228,0.35026218515204877,-0.2004899576711673,-0.013799131540071417,3
-0.11759249123786876,-0.5330183827746895,1.0303607662814185,0.2672506538724613,-0.14545136556578886,-0.009810756954271298,3
-0.20294830757779989,-0.7053580260570324,1.3038424384104723,0.30947550124454737,-0.17237649602058336,-0.012211634437773919,3
-0.060050486204565476,-0.31665256330499836,0.6592697940844783,0.3235477974801735,-0.09440755251686103,-0.006077520627565819,3
-0.09889632613807497,-0.3884962790414418,0.8900365579646938,0.18324560875523538,-0.07422557689680948,-0.004344590925470267,3
-0.13084436026970575,-0.5068235668643221,1.0632776162496926,-0.00503163945516516,-0.003001468807905361,-0.0007587501774724597,3
-0.14725549738484184,-0.5401819728680224,1.05850238514111,0.37310407620129515,-0.1865100288225226,-0.012960184546430225,3
-0.13866000830791272,-0.6429286747342386,1.499561599717286,0.4340836589811304,-0.18847513732013776,-0.010263076640650627,3
-0.14793236402538845,-0.6757107590297855,1.527743077989757,0.40935210174336345,-0.19208766309085012,-0.015337196958158859,3
-0.12768905598284355,-0.5783060951574275,1.480487531435379,0.3436239375377424,-0.17785730348384132,-0.01175050850673692,3
-0.13923550930726591,-0.5699699594969452,1.1190354191386174,0.19040676429799192,-0.08780739576342367,-0.006247209125049049,3
-0.13899340001665514,-0.5359488152380525,0.9971174347480788,0.17293372653209338,-0.09551648863424876,-0.006268975626883222,3
-0.0882361716969238,-0.32657505613914484,0.6601337450226633,0.18523886204649692,-0.06973865702397067,-0.0034402129193893648,3
0.0034730784914833194,-0.21423401986051818,0.45008054760479965,-0.1632626881857742,0.08099692872722433,0.005194945642151859,3
-0.10674520850747948,-0.49706730341382355,0.8480275764804526,0.40854418474844945,-0.18598486712762577,-0.012836207972445116,3
-0.1573237718167734,-0.5715193533601983,1.2406614995064618,0.43078063591548316,-0.20418427517510276,-0.01130486654111175,3
-0.09204918722568457,-0.41109008545902614,0.8109201989015965,0.33786961465647963,-0.1889867177991801,-0.011149114088272585,3
-0.10161688610123283,-0.40367542322939165,0.9921479557275117,0.3002393701655391,-0.12192012946672154,-0.010728635179785801,3
-0.14382537990920904,-0.5552164448862802,1.2297088539562664,0.10494686871246572,0.008357117762273103,0.001300523274100456,3
-0.057419890127478765,-0.4538823619498458,0.7711106644272674,0.2681921581522348,-0.14966485658569334,-0.007052438386829557,3
-0.18237017752368476,-0.6153128220545862,1.2688344431668366,0.351148281681115,-0.18616695424555346,-0.01434791473456499,3
-0.12948864951853656,-0.5811769852456666,0.9058143736312863,0.3820767233312,-0.17827920618525128,-0.007887330802920405,3
-0.08765995855844841,-0.37738988675300134,0.8343939771242019,0.2625640679622104,-0.12277401745885966,-0.005355909089636063,3
-0.18745810329817147,-0.6710656861740866,1.5515586558399581,0.36496793827958024,-0.19681465365176565,-0.0087102134258892,3
-0.1324886183596317,-0.5356024978078381,1.033152776159004,0.3544644308727184,-0.151041177710432,-0.010106528314377118,3
-0.11678234992143721,-0.44094106868654,0.9160801804957941,0.3721613454678472,-0.19060335236985737,-0.008858428145411141,3
-0.14308752321194618,-0.5886933975288102,1.0645399465068994,0.34187171628214913,-0.15720962198908106,-0.010224353915010913,3
-0.10121073004506585,-0.5318224009353794,1.211875681942958,0.21539545007885202,-0.08101759608099096,-0.0049920259080573045,3
-0.15675447030186954,-0.6429016957365222,1.164015192150105,0.38135378351599053,-0.16227459684398657,-0.00920777234769213,3
-0.21493947014311424,-0.5361283047357068,0.9464455810546122,0.2845912976192196,-0.1608499903624761,-0.011148635284027097,3
-0.1450579525159791,-0.5544689262574717,1.030085312517893,0.200731115296219,-0.08498005525784223,-0.005879134946422727,3
-0.2199096298205772,-0.6890178817567225,1.334363083098161,0.34382212203429663,-0.16811784368281185,-0.012679421914170345,3
-0.1670015000131383,-0.5419968160298096,1.075072850346976,0.15292967893120446,-0.06985147176933372,-0.005019814400648721,3
-0.17707379957814662,-0.6542389077824936,1.308169410394142,0.3175924861133003,-0.19982968830802594,-0.014080830762581417,3
-0.17586220252430232,-0.7313459742877887,1.33498622385632,0.24990488915690803,-0.08552982015246724,-0.005663270428099238,3
-0.06306115398147226,-0.36721496250356506,0.823753767560418,0.465148651561903,-0.26760242361029285,-0.013314892033692426,3
-0.1336821417438132,-0.4914619668532618,1.0425805984999932,0.009465547581482076,0.002873885122672128,-0.000561138287548538,3
-0.18711257151732988,-0.6251241668554967,1.0551069783457367,0.32903253723737497,-0.1919925311361269,-0.011229968708581539,3
-0.18047312050809006,-0.691934728218863,1.3468859291054291,0.5413663272273149,-0.3115566553418512,-0.01935197254445488,3
-0.10490064574267938,-0.5050724357755652,1.0816039316954784,0.37456692170338124,-0.14977571738745182,-0.01134177798662655,3
-0.1390273531121271,-0.4815390432472697,0.9730547546942712,0.17989045147514893,-0.02119454417056299,-0.0016264933998603307,3
-0.10501475046166883,-0.4215675524418415,0.7103522497856798,0.2503839494092249,-0.07010422183711895,-0.004794724680833891,3
-0.16473226097915994,-0.5140703341493496,0.8417023104959367,0.11773537383241223,-0.07583071875268442,-0.004571970665731489,3
-0.12828646243115222,-0.5056952814660373,1.0512608389424758,0.28236216923960344,-0.12124822002377136,-0.005560213043553043,3
-0.14526936493911097,-0.6693361904711249,1.2869627893117512,0.3463904003782063,-0.23830490077199862,-0.015326429373539625,3
-0.1638446053295952,-0.6441729674095966,1.393210391199104,0.3761631662489418,-0.1695105698410519,-0.011724393835842492,3
-0.10115492067717893,-0.42846240910631395,0.8451811264202798,0.24292816057218058,-0.08716280031363643,-0.0056894995367815495,3
-0.12073753118054406,-0.5089990590887629,1.0962585393193274,0.30129636945022964,-0.17016081271013567,-0.014762554694614157,3
-0.1382613907521177,-0.6140095868728994,1.1397579322624378,0.4406891016870277,-0.22278289369552728,-0.00930740515697017,3
-0.1688393070965233,-0.5815304182192063,0.8210379419041616,0.03263923462822771,-0.019861768618742975,-0.001974777421870839,3
-0.15018298491423623,-0.5780813842843019,1.0376700099277092,0.33020977841974447,-0.18586487648062905,-0.009219902907226945,3
-0.14343147274073334,-0.5872958068266863,1.1168178344679855,0.22361083769592047,-0.13483486609086276,-0.007431733465940643,3
-0.22355627094431407,-0.5897173140107594,1.0823284256015122,0.40030836049533053,-0.26813781722387353,-0.018055083064499135,3
-0.14169115109840907,-0.6262440085704823,1.3606541593831532,0.41984408170445736,-0.174971684219153,-0.015872784055320704,3
-0.12274918967462137,-0.4194184958239332,0.9697910601300772,0.14853014994502928,-0.046397121523867435,-0.0015648093050456926,3
-0.07117020764811871,-0.5362283856934219,0.9983287298309024,0.2591525994880377,-0.16428642948754218,-0.007386425095211771,3
-0.14239837821165025,-0.586952638371097,1.1605841537022978,0.48026852363475847,-0.2139736382064932,-0.015011376729711721,3
-0.11779955147225464,-0.4204082582851394,0.7697096825422054,0.05062198625557501,0.01405631957746556,0.001370322478162462,3
-0.11021073748812889,-0.6145189999998744,1.1723626291138594,0.359845612198878,-0.20230644458342978,-0.01101281032305956,3
-0.11260559540864905,-0.4263327813070962,0.8748051134749208,0.1881901630972161,-0.04501946647179145,-0.002207560718490438,3
-0.20698128858157452,-0.6168731458413242,1.3792802238330495,0.3379511204167859,-0.1696439789785524,-0.011980893714492874,3
-0.1157898494266466,-0.5046100398297748,0.9696785921334636,0.33225252491586976,-0.17426133641821906,-0.006068197227590185,3
-0.12475415382466261,-0.6281170211757893,1.3820413404891099,0.4081555959299376,-0.19495740108317555,-0.013978360154808888,3
-0.14729958578996297,-0.6066421676729561,1.3437758383082545,0.3413471846461479,-0.17680904238162648,-0.011752509015436518,3
-0.13951428273515892,-0.5054729724580767,1.1792464325252032,0.3332950437024716,-0.13496360022774648,-0.005662863584625231,3
-0.14365356636958845,-0.6662714104049532,1.3646054231808422,0.40822911442388,-0.24816694277714713,-0.010327436831527956,3
-0.1470529905140209,-0.6932825923107921,1.3017080913073888,0.4495255522958046,-0.2048909968538543,-0.011343139035362083,3
-0.11695684223874715,-0.5325485143748675,1.029527799880347,0.26543415456296793,-0.10912571379942972,-0.007841786797808094,3
-0.12385799354264079,-0.5290960399776916,1.2588923530924234,0.24143184189773198,-0.09154291357708566,-0.004630406930902438,3
-0.15362103837822272,-0.36852821931055335,0.7249330010681536,0.43631426665842254,-0.3084664025990405,-0.017165821662100712,3
-0.09443750866577286,-0.5230929402207352,0.9893107021835756,0.19971134213915379,-0.11254675547011307,-0.004375139569835814,3
-0.10266565655614333,-0.4849039049568608,0.9536719033254996,0.31839112720797624,-0.1906920343464899,-0.00986267838187576,3
-0.1420621593799505,-0.5323288235613673,1.030558335983771,0.26295479005974925,-0.13858589831177176,-0.006432123827379437,3